school_id,team_name,team_url,conference_id,conference,division,year,season_id
2,Abilene Christian,/team/2/16580,923,WAC,1,2024,16580
3,Adelphi,/team/3/16580,899,NE10,2,2024,16580
4,Adrian,/team/4/16580,873,Michigan Intercol. Ath. Assn.,3,2024,16580
5,Akron,/team/5/16580,875,MAC,1,2024,16580
6,Alabama A&M,/team/6/16580,916,SWAC,1,2024,16580
7,Alabama St.,/team/7/16580,916,SWAC,1,2024,16580
8,Alabama,/team/8/16580,911,SEC,1,2024,16580
9,UAB,/team/9/16580,823,AAC,1,2024,16580
10,Alabama Huntsville,/team/10/16580,858,Gulf South,2,2024,16580
13,Albany St. (GA),/team/13/16580,913,SIAC,2,2024,16580
14,UAlbany,/team/14/16580,845,America East,1,2024,16580
15,Albion,/team/15/16580,873,Michigan Intercol. Ath. Assn.,3,2024,16580
16,Albright,/team/16/16580,28744,MAC Commonwealth,3,2024,16580
17,Alcorn,/team/17/16580,916,SWAC,1,2024,16580
18,Alfred,/team/18/16580,863,Empire 8,3,2024,16580
19,Allegheny,/team/19/16580,907,PAC,3,2024,16580
20,DeSales,/team/20/16580,28745,MAC Freedom,3,2024,16580
21,Alma,/team/21/16580,873,Michigan Intercol. Ath. Assn.,3,2024,16580
22,American Int'l,/team/22/16580,899,NE10,2,2024,16580
24,Amherst,/team/24/16580,12817,NESCAC,3,2024,16580
25,Angelo St.,/team/25/16580,868,Lone Star,2,2024,16580
26,Anna Maria,/team/26/16580,23257,Great Northeast,3,2024,16580
27,App State,/team/27/16580,818,Sun Belt,1,2024,16580
28,Arizona St.,/team/28/16580,905,Pac-12,1,2024,16580
29,Arizona,/team/29/16580,905,Pac-12,1,2024,16580
30,Arkansas St.,/team/30/16580,818,Sun Belt,1,2024,16580
31,Arkansas,/team/31/16580,911,SEC,1,2024,16580
32,Little Rock,/team/32/16580,902,OVC,1,2024,16580
35,Ashland,/team/35/16580,30182,G-MAC,2,2024,16580
36,Assumption,/team/36/16580,899,NE10,2,2024,16580
37,Auburn,/team/37/16580,911,SEC,1,2024,16580
38,Augsburg,/team/38/16580,882,MIAC,3,2024,16580
39,Augusta,/team/39/16580,12923,Peach Belt,2,2024,16580
40,Augustana (IL),/team/40/16580,836,CCIW,3,2024,16580
41,Augustana (SD),/team/41/16580,12853,NSIC,2,2024,16580
42,Aurora,/team/42/16580,30097,NACC,3,2024,16580
43,Austin Peay,/team/43/16580,920,ASUN,1,2024,16580
44,Averett,/team/44/16580,903,ODAC,3,2024,16580
45,Babson,/team/45/16580,890,NEWMAC,3,2024,16580
46,Baldwin Wallace,/team/46/16580,901,OAC,3,2024,16580
47,Ball St.,/team/47/16580,875,MAC,1,2024,16580
48,Charleston So.,/team/48/16580,826,Big South,1,2024,16580
49,Barry,/team/49/16580,919,Sunshine State,2,2024,16580
50,Bates,/team/50/16580,12817,NESCAC,3,2024,16580
51,Baylor,/team/51/16580,25354,Big 12,1,2024,16580
52,Bellarmine,/team/52/16580,920,ASUN,1,2024,16580
53,Beloit,/team/53/16580,23119,MWC,3,2024,16580
54,Bemidji St.,/team/54/16580,12853,NSIC,2,2024,16580
55,Benedict,/team/55/16580,913,SIAC,2,2024,16580
56,Bentley,/team/56/16580,899,NE10,2,2024,16580
58,Baruch,/team/58/16580,834,CUNYAC,3,2024,16580
59,Bethany (WV),/team/59/16580,907,PAC,3,2024,16580
60,Bethel (MN),/team/60/16580,882,MIAC,3,2024,16580
61,Bethune-Cookman,/team/61/16580,916,SWAC,1,2024,16580
62,Binghamton,/team/62/16580,845,America East,1,2024,16580
64,Blackburn,/team/64/16580,12974,SLIAC,3,2024,16580
65,Bloomsburg,/team/65/16580,906,PSAC,2,2024,16580
67,Boston College,/team/67/16580,821,ACC,1,2024,16580
69,Bowdoin,/team/69/16580,12817,NESCAC,3,2024,16580
71,Bowling Green,/team/71/16580,875,MAC,1,2024,16580
72,Bradley,/team/72/16580,884,MVC,1,2024,16580
73,Brandeis,/team/73/16580,1471,UAA,3,2024,16580
74,Bridgeport,/team/74/16580,28752,CACC,2,2024,16580
75,Bridgewater (VA),/team/75/16580,903,ODAC,3,2024,16580
76,Bridgewater St.,/team/76/16580,870,MASCAC,3,2024,16580
77,BYU,/team/77/16580,25354,Big 12,1,2024,16580
78,SUNY Brockport,/team/78/16580,917,SUNYAC,3,2024,16580
80,Brown,/team/80/16580,865,Ivy League,1,2024,16580
81,Bryant,/team/81/16580,845,America East,1,2024,16580
83,Bucknell,/team/83/16580,838,Patriot,1,2024,16580
84,Buena Vista,/team/84/16580,864,American Rivers,3,2024,16580
87,Butler,/team/87/16580,30184,Big East,1,2024,16580
88,Cabrini,/team/88/16580,30233,Atlantic East,3,2024,16580
89,Caltech,/team/89/16580,910,SCIAC,3,2024,16580
90,Cal Poly,/team/90/16580,904,Big West,1,2024,16580
91,Cal Poly Pomona,/team/91/16580,828,CCAA,2,2024,16580
92,Cal St. Dom. Hills,/team/92/16580,828,CCAA,2,2024,16580
93,CSUSB,/team/93/16580,828,CCAA,2,2024,16580
94,CSU Bakersfield,/team/94/16580,904,Big West,1,2024,16580
95,Chico St.,/team/95/16580,828,CCAA,2,2024,16580
96,Fresno St.,/team/96/16580,5486,Mountain West,1,2024,16580
97,Cal St. Fullerton,/team/97/16580,904,Big West,1,2024,16580
98,Cal St. East Bay,/team/98/16580,828,CCAA,2,2024,16580
99,Long Beach St.,/team/99/16580,904,Big West,1,2024,16580
100,Cal State LA,/team/100/16580,828,CCAA,2,2024,16580
101,CSUN,/team/101/16580,904,Big West,1,2024,16580
102,Sacramento St.,/team/102/16580,923,WAC,1,2024,16580
103,Stanislaus St.,/team/103/16580,828,CCAA,2,2024,16580
104,UC Santa Barbara,/team/104/16580,904,Big West,1,2024,16580
105,Cal Lutheran,/team/105/16580,910,SCIAC,3,2024,16580
106,California (PA),/team/106/16580,906,PSAC,2,2024,16580
107,California,/team/107/16580,905,Pac-12,1,2024,16580
108,UC Davis,/team/108/16580,904,Big West,1,2024,16580
109,UC Irvine,/team/109/16580,904,Big West,1,2024,16580
110,UCLA,/team/110/16580,905,Pac-12,1,2024,16580
111,UC Riverside,/team/111/16580,904,Big West,1,2024,16580
112,UC San Diego,/team/112/16580,904,Big West,1,2024,16580
114,Calvin,/team/114/16580,873,Michigan Intercol. Ath. Assn.,3,2024,16580
115,Campbell,/team/115/16580,837,CAA,1,2024,16580
116,Canisius,/team/116/16580,871,MAAC,1,2024,16580
117,Capital,/team/117/16580,901,OAC,3,2024,16580
118,Carleton,/team/118/16580,882,MIAC,3,2024,16580
120,Carroll (WI),/team/120/16580,836,CCIW,3,2024,16580
121,Carthage,/team/121/16580,836,CCIW,3,2024,16580
122,CWRU,/team/122/16580,1471,UAA,3,2024,16580
123,VTSU Castleton,/team/123/16580,867,Little East,3,2024,16580
124,Catholic,/team/124/16580,30101,Landmark,3,2024,16580
125,Centenary (LA),/team/125/16580,835,SCAC,3,2024,16580
126,Central (IA),/team/126/16580,864,American Rivers,3,2024,16580
127,Central Conn. St.,/team/127/16580,846,NEC,1,2024,16580
128,UCF,/team/128/16580,25354,Big 12,1,2024,16580
129,Central Mich.,/team/129/16580,875,MAC,1,2024,16580
130,Central Mo.,/team/130/16580,883,Mid-America Intercollegiate,2,2024,16580
132,Centre,/team/132/16580,30169,SAA,3,2024,16580
133,Chaminade,/team/133/16580,19591,PacWest,2,2024,16580
134,Chapman,/team/134/16580,910,SCIAC,3,2024,16580
137,UChicago,/team/137/16580,23119,MWC,3,2024,16580
139,Chris. Newport,/team/139/16580,15810,C2C,3,2024,16580
140,Cincinnati,/team/140/16580,25354,Big 12,1,2024,16580
141,The Citadel,/team/141/16580,912,SoCon,1,2024,16580
142,Claremont-M-S,/team/142/16580,910,SCIAC,3,2024,16580
143,Clarion,/team/143/16580,906,PSAC,2,2024,16580
144,Clark Atlanta,/team/144/16580,913,SIAC,2,2024,16580
145,Clark (MA),/team/145/16580,890,NEWMAC,3,2024,16580
146,Clarkson,/team/146/16580,24197,Liberty League,3,2024,16580
147,Clemson,/team/147/16580,821,ACC,1,2024,16580
149,Coastal Carolina,/team/149/16580,818,Sun Belt,1,2024,16580
150,Coe,/team/150/16580,864,American Rivers,3,2024,16580
151,Colby,/team/151/16580,12817,NESCAC,3,2024,16580
152,Colby-Sawyer,/team/152/16580,23257,Great Northeast,3,2024,16580
155,Colo. Sch. of Mines,/team/155/16580,13128,RMAC,2,2024,16580
158,Columbia,/team/158/16580,865,Ivy League,1,2024,16580
159,Columbus St.,/team/159/16580,12923,Peach Belt,2,2024,16580
160,Concordia Chicago,/team/160/16580,30097,NACC,3,2024,16580
161,Concordia-M'head,/team/161/16580,882,MIAC,3,2024,16580
164,UConn,/team/164/16580,30184,Big East,1,2024,16580
165,Coppin St.,/team/165/16580,846,NEC,1,2024,16580
166,Cornell College,/team/166/16580,23119,MWC,3,2024,16580
167,Cornell,/team/167/16580,865,Ivy League,1,2024,16580
168,Cortland,/team/168/16580,917,SUNYAC,3,2024,16580
169,Creighton,/team/169/16580,30184,Big East,1,2024,16580
170,Curry,/team/170/16580,839,CCC,3,2024,16580
172,Dartmouth,/team/172/16580,865,Ivy League,1,2024,16580
173,Davidson,/team/173/16580,820,Atlantic 10,1,2024,16580
174,Davis & Elkins,/team/174/16580,30183,MEC,2,2024,16580
175,Dayton,/team/175/16580,820,Atlantic 10,1,2024,16580
177,DePauw,/team/177/16580,897,NCAC,3,2024,16580
178,Delaware St.,/team/178/16580,846,NEC,1,2024,16580
179,Delaware Valley,/team/179/16580,28745,MAC Freedom,3,2024,16580
180,Delaware,/team/180/16580,837,CAA,1,2024,16580
181,Delta St.,/team/181/16580,858,Gulf South,2,2024,16580
182,Denison,/team/182/16580,897,NCAC,3,2024,16580
185,Dickinson,/team/185/16580,9683,Centennial,3,2024,16580
190,Drew,/team/190/16580,30101,Landmark,3,2024,16580
192,Dubuque,/team/192/16580,864,American Rivers,3,2024,16580
193,Duke,/team/193/16580,821,ACC,1,2024,16580
195,Earlham,/team/195/16580,9174,HCAC,3,2024,16580
196,East Carolina,/team/196/16580,823,AAC,1,2024,16580
197,East Stroudsburg,/team/197/16580,906,PSAC,2,2024,16580
198,ETSU,/team/198/16580,912,SoCon,1,2024,16580
200,Eastern Conn. St.,/team/200/16580,867,Little East,3,2024,16580
201,Eastern Ill.,/team/201/16580,902,OVC,1,2024,16580
202,Eastern Ky.,/team/202/16580,920,ASUN,1,2024,16580
203,East. Mennonite,/team/203/16580,903,ODAC,3,2024,16580
204,Eastern Mich.,/team/204/16580,875,MAC,1,2024,16580
205,Mont. St. Billings,/team/205/16580,30012,Great Northwest,2,2024,16580
206,Eastern N.M.,/team/206/16580,868,Lone Star,2,2024,16580
208,Eckerd,/team/208/16580,919,Sunshine State,2,2024,16580
211,Elizabethtown,/team/211/16580,30101,Landmark,3,2024,16580
212,Elmhurst,/team/212/16580,836,CCIW,3,2024,16580
213,Elmira,/team/213/16580,863,Empire 8,3,2024,16580
214,Emerson,/team/214/16580,890,NEWMAC,3,2024,16580
216,Emory & Henry,/team/216/16580,12850,SAC,2,2024,16580
217,Emory,/team/217/16580,1471,UAA,3,2024,16580
218,Eureka,/team/218/16580,12974,SLIAC,3,2024,16580
219,Evansville,/team/219/16580,884,MVC,1,2024,16580
220,Fairfield,/team/220/16580,871,MAAC,1,2024,16580
221,FDU-Florham,/team/221/16580,28745,MAC Freedom,3,2024,16580
222,FDU,/team/222/16580,846,NEC,1,2024,16580
225,Ferrum,/team/225/16580,903,ODAC,3,2024,16580
227,Fitchburg St.,/team/227/16580,870,MASCAC,3,2024,16580
228,Florida A&M,/team/228/16580,916,SWAC,1,2024,16580
229,Fla. Atlantic,/team/229/16580,823,AAC,1,2024,16580
230,Florida Tech,/team/230/16580,919,Sunshine State,2,2024,16580
231,FIU,/team/231/16580,24312,CUSA,1,2024,16580
233,Fla. Southern,/team/233/16580,919,Sunshine State,2,2024,16580
234,Florida St.,/team/234/16580,821,ACC,1,2024,16580
235,Florida,/team/235/16580,911,SEC,1,2024,16580
236,Fordham,/team/236/16580,820,Atlantic 10,1,2024,16580
238,Framingham St.,/team/238/16580,870,MASCAC,3,2024,16580
239,Franklin & Marshall,/team/239/16580,9683,Centennial,3,2024,16580
241,Franklin Pierce,/team/241/16580,899,NE10,2,2024,16580
242,Fredonia,/team/242/16580,917,SUNYAC,3,2024,16580
243,Frostburg St.,/team/243/16580,30183,MEC,2,2024,16580
245,Gallaudet,/team/245/16580,30071,United East,3,2024,16580
246,Gannon,/team/246/16580,906,PSAC,2,2024,16580
248,George Mason,/team/248/16580,820,Atlantic 10,1,2024,16580
249,George Washington,/team/249/16580,820,Atlantic 10,1,2024,16580
251,Georgetown,/team/251/16580,30184,Big East,1,2024,16580
253,Ga. Southern,/team/253/16580,818,Sun Belt,1,2024,16580
254,Georgia St.,/team/254/16580,818,Sun Belt,1,2024,16580
255,Georgia Tech,/team/255/16580,821,ACC,1,2024,16580
257,Georgia,/team/257/16580,911,SEC,1,2024,16580
258,Gettysburg,/team/258/16580,9683,Centennial,3,2024,16580
259,Rowan,/team/259/16580,891,NJAC,3,2024,16580
260,Gonzaga,/team/260/16580,922,WCC,1,2024,16580
261,Grambling,/team/261/16580,916,SWAC,1,2024,16580
262,Grand Valley St.,/team/262/16580,854,GLIAC,2,2024,16580
263,Greensboro,/team/263/16580,842,USA South,3,2024,16580
264,Grinnell,/team/264/16580,23119,MWC,3,2024,16580
265,Grove City,/team/265/16580,907,PAC,3,2024,16580
266,Gust. Adolphus,/team/266/16580,882,MIAC,3,2024,16580
267,Hamilton,/team/267/16580,12817,NESCAC,3,2024,16580
268,Hamline,/team/268/16580,882,MIAC,3,2024,16580
269,Hampden-Sydney,/team/269/16580,903,ODAC,3,2024,16580
271,Hardin-Simmons,/team/271/16580,14825,ASC,3,2024,16580
272,Hartford,/team/272/16580,99020,DIII Independent,3,2024,16580
275,Harvard,/team/275/16580,865,Ivy League,1,2024,16580
276,Haverford,/team/276/16580,9683,Centennial,3,2024,16580
277,Hawaii,/team/277/16580,904,Big West,1,2024,16580
278,Heidelberg,/team/278/16580,901,OAC,3,2024,16580
279,Lehman,/team/279/16580,834,CUNYAC,3,2024,16580
280,Hillsdale,/team/280/16580,30182,G-MAC,2,2024,16580
281,Hiram,/team/281/16580,897,NCAC,3,2024,16580
282,Hobart,/team/282/16580,24197,Liberty League,3,2024,16580
283,Hofstra,/team/283/16580,837,CAA,1,2024,16580
285,Holy Cross,/team/285/16580,838,Patriot,1,2024,16580
286,Hope,/team/286/16580,873,Michigan Intercol. Ath. Assn.,3,2024,16580
287,Houston Christian,/team/287/16580,914,Southland,1,2024,16580
288,Houston,/team/288/16580,25354,Big 12,1,2024,16580
296,Benedictine (IL),/team/296/16580,30097,NACC,3,2024,16580
297,Illinois Col.,/team/297/16580,23119,MWC,3,2024,16580
299,Illinois St.,/team/299/16580,884,MVC,1,2024,16580
300,Ill. Wesleyan,/team/300/16580,836,CCIW,3,2024,16580
301,Illinois,/team/301/16580,827,Big Ten,1,2024,16580
302,UIC,/team/302/16580,884,MVC,1,2024,16580
303,Immaculata,/team/303/16580,30233,Atlantic East,3,2024,16580
305,Indiana St.,/team/305/16580,884,MVC,1,2024,16580
306,Indiana,/team/306/16580,827,Big Ten,1,2024,16580
307,Indiana (PA),/team/307/16580,906,PSAC,2,2024,16580
308,Purdue Fort Wayne,/team/308/16580,881,Horizon,1,2024,16580
309,UIndy,/team/309/16580,855,GLVC,2,2024,16580
310,Iona,/team/310/16580,871,MAAC,1,2024,16580
312,Iowa,/team/312/16580,827,Big Ten,1,2024,16580
313,Ithaca,/team/313/16580,24197,Liberty League,3,2024,16580
314,Jackson St.,/team/314/16580,916,SWAC,1,2024,16580
315,Jacksonville St.,/team/315/16580,24312,CUSA,1,2024,16580
316,Jacksonville,/team/316/16580,920,ASUN,1,2024,16580
317,James Madison,/team/317/16580,818,Sun Belt,1,2024,16580
319,New Jersey City,/team/319/16580,891,NJAC,3,2024,16580
320,John Carroll,/team/320/16580,901,OAC,3,2024,16580
321,John Jay,/team/321/16580,834,CUNYAC,3,2024,16580
322,Johns Hopkins,/team/322/16580,9683,Centennial,3,2024,16580
325,Juniata,/team/325/16580,30101,Landmark,3,2024,16580
326,Kalamazoo,/team/326/16580,873,Michigan Intercol. Ath. Assn.,3,2024,16580
327,Kansas St.,/team/327/16580,25354,Big 12,1,2024,16580
328,Kansas,/team/328/16580,25354,Big 12,1,2024,16580
329,Kean,/team/329/16580,891,NJAC,3,2024,16580
330,Keene St.,/team/330/16580,867,Little East,3,2024,16580
331,Kent St.,/team/331/16580,875,MAC,1,2024,16580
332,Kentucky St.,/team/332/16580,913,SIAC,2,2024,16580
333,Ky. Wesleyan,/team/333/16580,30182,G-MAC,2,2024,16580
334,Kentucky,/team/334/16580,911,SEC,1,2024,16580
335,Kenyon,/team/335/16580,897,NCAC,3,2024,16580
336,King's (PA),/team/336/16580,28745,MAC Freedom,3,2024,16580
337,Knox,/team/337/16580,23119,MWC,3,2024,16580
339,Kutztown,/team/339/16580,906,PSAC,2,2024,16580
341,La Verne,/team/341/16580,910,SCIAC,3,2024,16580
342,Lafayette,/team/342/16580,838,Patriot,1,2024,16580
346,Lamar University,/team/346/16580,914,Southland,1,2024,16580
347,Lane,/team/347/16580,913,SIAC,2,2024,16580
348,Lawrence,/team/348/16580,23119,MWC,3,2024,16580
349,Le Moyne,/team/349/16580,846,NEC,1,2024,16580
350,LeMoyne-Owen,/team/350/16580,913,SIAC,2,2024,16580
351,Lebanon Valley,/team/351/16580,28745,MAC Freedom,3,2024,16580
352,Lehigh,/team/352/16580,838,Patriot,1,2024,16580
354,Lewis,/team/354/16580,855,GLVC,2,2024,16580
355,Liberty,/team/355/16580,24312,CUSA,1,2024,16580
357,Lincoln (PA),/team/357/16580,11265,ECC,2,2024,16580
358,West Ala.,/team/358/16580,858,Gulf South,2,2024,16580
360,Lock Haven,/team/360/16580,906,PSAC,2,2024,16580
361,LIU,/team/361/16580,846,NEC,1,2024,16580
363,Longwood,/team/363/16580,826,Big South,1,2024,16580
364,Loras,/team/364/16580,864,American Rivers,3,2024,16580
365,LSU,/team/365/16580,911,SEC,1,2024,16580
366,Louisiana Tech,/team/366/16580,24312,CUSA,1,2024,16580
367,Louisville,/team/367/16580,821,ACC,1,2024,16580
368,UMass Lowell,/team/368/16580,845,America East,1,2024,16580
370,LMU (CA),/team/370/16580,922,WCC,1,2024,16580
372,Luther,/team/372/16580,864,American Rivers,3,2024,16580
373,Lycoming,/team/373/16580,28745,MAC Freedom,3,2024,16580
374,Lynchburg,/team/374/16580,903,ODAC,3,2024,16580
376,Macalester,/team/376/16580,882,MIAC,3,2024,16580
379,Me.-Farmington,/team/379/16580,30026,North Atlantic,3,2024,16580
380,Maine,/team/380/16580,845,America East,1,2024,16580
381,Manhattan,/team/381/16580,871,MAAC,1,2024,16580
382,Manhattanville,/team/382/16580,13054,Skyline,3,2024,16580
383,Minnesota St.,/team/383/16580,12853,NSIC,2,2024,16580
384,Mansfield,/team/384/16580,906,PSAC,2,2024,16580
385,Marietta,/team/385/16580,901,OAC,3,2024,16580
386,Marist,/team/386/16580,871,MAAC,1,2024,16580
388,Marshall,/team/388/16580,818,Sun Belt,1,2024,16580
389,Mary Baldwin,/team/389/16580,842,USA South,3,2024,16580
390,Mary Washington,/team/390/16580,15810,C2C,3,2024,16580
391,UMBC,/team/391/16580,845,America East,1,2024,16580
392,Maryland,/team/392/16580,827,Big Ten,1,2024,16580
393,UMES,/team/393/16580,846,NEC,1,2024,16580
394,Marymount (VA),/team/394/16580,30233,Atlantic East,3,2024,16580
395,Maryville (MO),/team/395/16580,855,GLVC,2,2024,16580
396,Maryville (TN),/team/396/16580,30251,CCS,3,2024,16580
397,Marywood,/team/397/16580,30233,Atlantic East,3,2024,16580
398,MIT,/team/398/16580,890,NEWMAC,3,2024,16580
399,Mass. Maritime,/team/399/16580,870,MASCAC,3,2024,16580
400,Massachusetts,/team/400/16580,820,Atlantic 10,1,2024,16580
401,UMass Boston,/team/401/16580,867,Little East,3,2024,16580
402,McNeese,/team/402/16580,914,Southland,1,2024,16580
404,Memphis,/team/404/16580,823,AAC,1,2024,16580
405,Menlo,/team/405/16580,99010,DII Independent,2,2024,16580
406,Mercer,/team/406/16580,912,SoCon,1,2024,16580
407,Mercy,/team/407/16580,11265,ECC,2,2024,16580
408,Mercyhurst,/team/408/16580,906,PSAC,2,2024,16580
410,Merrimack,/team/410/16580,846,NEC,1,2024,16580
411,Messiah,/team/411/16580,28744,MAC Commonwealth,3,2024,16580
412,Methodist,/team/412/16580,842,USA South,3,2024,16580
413,MSU Denver,/team/413/16580,13128,RMAC,2,2024,16580
414,Miami (OH),/team/414/16580,875,MAC,1,2024,16580
415,Miami (FL),/team/415/16580,821,ACC,1,2024,16580
416,Michigan St.,/team/416/16580,827,Big Ten,1,2024,16580
418,Michigan,/team/418/16580,827,Big Ten,1,2024,16580
419,Middle Tenn.,/team/419/16580,24312,CUSA,1,2024,16580
420,Middlebury,/team/420/16580,12817,NESCAC,3,2024,16580
422,Miles,/team/422/16580,913,SIAC,2,2024,16580
423,Millersville,/team/423/16580,906,PSAC,2,2024,16580
424,Millikin,/team/424/16580,836,CCIW,3,2024,16580
426,Millsaps,/team/426/16580,30169,SAA,3,2024,16580
427,Minn. Duluth,/team/427/16580,12853,NSIC,2,2024,16580
428,Minnesota,/team/428/16580,827,Big Ten,1,2024,16580
429,Mississippi Col.,/team/429/16580,858,Gulf South,2,2024,16580
430,Mississippi St.,/team/430/16580,911,SEC,1,2024,16580
431,MUW,/team/431/16580,12974,SLIAC,3,2024,16580
432,Mississippi Val.,/team/432/16580,916,SWAC,1,2024,16580
433,Ole Miss,/team/433/16580,911,SEC,1,2024,16580
434,Missouri,/team/434/16580,911,SEC,1,2024,16580
435,Missouri S&T,/team/435/16580,855,GLVC,2,2024,16580
436,Mo.-St. Louis,/team/436/16580,855,GLVC,2,2024,16580
437,Molloy,/team/437/16580,11265,ECC,2,2024,16580
438,Monmouth (IL),/team/438/16580,23119,MWC,3,2024,16580
439,Monmouth,/team/439/16580,837,CAA,1,2024,16580
442,Montclair St.,/team/442/16580,891,NJAC,3,2024,16580
443,Moravian,/team/443/16580,30101,Landmark,3,2024,16580
444,Morehead St.,/team/444/16580,902,OVC,1,2024,16580
445,Morehouse,/team/445/16580,913,SIAC,2,2024,16580
450,Mount St. Mary's,/team/450/16580,871,MAAC,1,2024,16580
451,CMSV,/team/451/16580,13054,Skyline,3,2024,16580
452,Mount Union,/team/452/16580,901,OAC,3,2024,16580
453,Muhlenberg,/team/453/16580,9683,Centennial,3,2024,16580
454,Murray St.,/team/454/16580,884,MVC,1,2024,16580
455,Muskingum,/team/455/16580,901,OAC,3,2024,16580
456,UNC Asheville,/team/456/16580,826,Big South,1,2024,16580
457,North Carolina,/team/457/16580,821,ACC,1,2024,16580
458,Charlotte,/team/458/16580,823,AAC,1,2024,16580
459,UNC Greensboro,/team/459/16580,912,SoCon,1,2024,16580
460,UNCW,/team/460/16580,837,CAA,1,2024,16580
462,Neb. Wesleyan,/team/462/16580,864,American Rivers,3,2024,16580
463,Nebraska,/team/463/16580,827,Big Ten,1,2024,16580
464,Omaha,/team/464/16580,819,Summit League,1,2024,16580
465,UNLV,/team/465/16580,5486,Mountain West,1,2024,16580
466,Nevada,/team/466/16580,5486,Mountain West,1,2024,16580
467,New England Col.,/team/467/16580,23257,Great Northeast,3,2024,16580
468,Southern N.H.,/team/468/16580,899,NE10,2,2024,16580
470,New Haven,/team/470/16580,899,NE10,2,2024,16580
471,NJIT,/team/471/16580,845,America East,1,2024,16580
472,New Mexico St.,/team/472/16580,24312,CUSA,1,2024,16580
473,New Mexico,/team/473/16580,5486,Mountain West,1,2024,16580
474,New Orleans,/team/474/16580,914,Southland,1,2024,16580
475,SUNY New Paltz,/team/475/16580,917,SUNYAC,3,2024,16580
478,SUNY Maritime,/team/478/16580,13054,Skyline,3,2024,16580
479,NYU,/team/479/16580,1471,UAA,3,2024,16580
480,CCNY,/team/480/16580,834,CUNYAC,3,2024,16580
482,Niagara,/team/482/16580,871,MAAC,1,2024,16580
483,Nicholls,/team/483/16580,914,Southland,1,2024,16580
484,Nichols,/team/484/16580,839,CCC,3,2024,16580
485,Norfolk St.,/team/485/16580,846,NEC,1,2024,16580
486,MCLA,/team/486/16580,870,MASCAC,3,2024,16580
487,North Ala.,/team/487/16580,920,ASUN,1,2024,16580
488,N.C. A&T,/team/488/16580,837,CAA,1,2024,16580
490,NC State,/team/490/16580,821,ACC,1,2024,16580
491,N.C. Wesleyan,/team/491/16580,842,USA South,3,2024,16580
492,North Central (IL),/team/492/16580,836,CCIW,3,2024,16580
493,North Dakota St.,/team/493/16580,819,Summit League,1,2024,16580
496,North Park,/team/496/16580,836,CCIW,3,2024,16580
498,ULM,/team/498/16580,818,Sun Belt,1,2024,16580
499,Truman St.,/team/499/16580,855,GLVC,2,2024,16580
500,Northeastern,/team/500/16580,837,CAA,1,2024,16580
502,Northern Colo.,/team/502/16580,819,Summit League,1,2024,16580
503,NIU,/team/503/16580,875,MAC,1,2024,16580
505,Northern Ky.,/team/505/16580,881,Horizon,1,2024,16580
507,Northwest Mo. St.,/team/507/16580,883,Mid-America Intercollegiate,2,2024,16580
508,Northwestern St.,/team/508/16580,914,Southland,1,2024,16580
509,Northwestern,/team/509/16580,827,Big Ten,1,2024,16580
510,Northwood,/team/510/16580,30182,G-MAC,2,2024,16580
511,Norwich,/team/511/16580,23257,Great Northeast,3,2024,16580
513,Notre Dame,/team/513/16580,821,ACC,1,2024,16580
514,Oakland,/team/514/16580,881,Horizon,1,2024,16580
515,Oberlin,/team/515/16580,897,NCAC,3,2024,16580
516,Occidental,/team/516/16580,910,SCIAC,3,2024,16580
517,Ohio Northern,/team/517/16580,901,OAC,3,2024,16580
518,Ohio St.,/team/518/16580,827,Big Ten,1,2024,16580
519,Ohio,/team/519/16580,875,MAC,1,2024,16580
520,Ohio Wesleyan,/team/520/16580,897,NCAC,3,2024,16580
521,Oklahoma St.,/team/521/16580,25354,Big 12,1,2024,16580
522,Oklahoma,/team/522/16580,25354,Big 12,1,2024,16580
523,Old Dominion,/team/523/16580,818,Sun Belt,1,2024,16580
524,Old Westbury,/team/524/16580,13054,Skyline,3,2024,16580
525,Olivet,/team/525/16580,873,Michigan Intercol. Ath. Assn.,3,2024,16580
526,SUNY Oneonta,/team/526/16580,917,SUNYAC,3,2024,16580
527,Oral Roberts,/team/527/16580,819,Summit League,1,2024,16580
528,Oregon St.,/team/528/16580,905,Pac-12,1,2024,16580
529,Oregon,/team/529/16580,905,Pac-12,1,2024,16580
530,Oswego St.,/team/530/16580,917,SUNYAC,3,2024,16580
531,Otterbein,/team/531/16580,901,OAC,3,2024,16580
532,Elms,/team/532/16580,23257,Great Northeast,3,2024,16580
533,Pace,/team/533/16580,899,NE10,2,2024,16580
534,Pacific,/team/534/16580,922,WCC,1,2024,16580
536,UTRGV,/team/536/16580,923,WAC,1,2024,16580
537,UNC Pembroke,/team/537/16580,4423,Conference Carolinas,2,2024,16580
538,Penn St.-Behrend,/team/538/16580,30022,AMCC,3,2024,16580
539,Penn St.,/team/539/16580,827,Big Ten,1,2024,16580
540,Penn,/team/540/16580,865,Ivy League,1,2024,16580
541,Pepperdine,/team/541/16580,922,WCC,1,2024,16580
542,Pfeiffer,/team/542/16580,842,USA South,3,2024,16580
543,Jefferson,/team/543/16580,28752,CACC,2,2024,16580
545,Pittsburgh,/team/545/16580,821,ACC,1,2024,16580
546,Pitt.-Johnstown,/team/546/16580,906,PSAC,2,2024,16580
547,Plattsburgh St.,/team/547/16580,917,SUNYAC,3,2024,16580
548,Plymouth St.,/team/548/16580,867,Little East,3,2024,16580
549,Pomona-Pitzer,/team/549/16580,910,SCIAC,3,2024,16580
551,Portland,/team/551/16580,922,WCC,1,2024,16580
553,Prairie View,/team/553/16580,916,SWAC,1,2024,16580
554,Princeton,/team/554/16580,865,Ivy League,1,2024,16580
555,Principia,/team/555/16580,12974,SLIAC,3,2024,16580
557,Puget Sound,/team/557/16580,25300,NWC,3,2024,16580
559,Purdue,/team/559/16580,827,Big Ten,1,2024,16580
560,Queens (NY),/team/560/16580,11265,ECC,2,2024,16580
561,Quincy,/team/561/16580,855,GLVC,2,2024,16580
562,Quinnipiac,/team/562/16580,871,MAAC,1,2024,16580
563,Radford,/team/563/16580,826,Big South,1,2024,16580
564,Ramapo,/team/564/16580,891,NJAC,3,2024,16580
565,Randolph-Macon,/team/565/16580,903,ODAC,3,2024,16580
567,Redlands,/team/567/16580,910,SCIAC,3,2024,16580
568,Regis (CO),/team/568/16580,13128,RMAC,2,2024,16580
570,Rensselaer,/team/570/16580,24197,Liberty League,3,2024,16580
571,Rhode Island Col.,/team/571/16580,867,Little East,3,2024,16580
572,Rhode Island,/team/572/16580,820,Atlantic 10,1,2024,16580
573,Rhodes,/team/573/16580,30169,SAA,3,2024,16580
574,Rice,/team/574/16580,823,AAC,1,2024,16580
575,Richmond,/team/575/16580,820,Atlantic 10,1,2024,16580
576,Rider,/team/576/16580,871,MAAC,1,2024,16580
577,Ripon,/team/577/16580,23119,MWC,3,2024,16580
578,Roanoke,/team/578/16580,903,ODAC,3,2024,16580
580,RIT,/team/580/16580,24197,Liberty League,3,2024,16580
581,Rochester (NY),/team/581/16580,24197,Liberty League,3,2024,16580
582,Rockford,/team/582/16580,30097,NACC,3,2024,16580
583,Roger Williams,/team/583/16580,839,CCC,3,2024,16580
584,Rollins,/team/584/16580,919,Sunshine State,2,2024,16580
585,Rose-Hulman,/team/585/16580,9174,HCAC,3,2024,16580
587,Rutgers,/team/587/16580,827,Big Ten,1,2024,16580
588,Rutgers-Camden,/team/588/16580,891,NJAC,3,2024,16580
589,Rutgers-Newark,/team/589/16580,891,NJAC,3,2024,16580
590,Sacred Heart,/team/590/16580,846,NEC,1,2024,16580
591,Saginaw Valley,/team/591/16580,854,GLIAC,2,2024,16580
593,St. Anselm,/team/593/16580,899,NE10,2,2024,16580
596,St. Bonaventure,/team/596/16580,820,Atlantic 10,1,2024,16580
598,St. Cloud St.,/team/598/16580,12853,NSIC,2,2024,16580
601,St. John Fisher,/team/601/16580,863,Empire 8,3,2024,16580
602,Saint John's (MN),/team/602/16580,882,MIAC,3,2024,16580
603,St. John's (NY),/team/603/16580,30184,Big East,1,2024,16580
605,St. Joseph's (ME),/team/605/16580,23257,Great Northeast,3,2024,16580
606,Saint Joseph's,/team/606/16580,820,Atlantic 10,1,2024,16580
607,St. Lawrence,/team/607/16580,24197,Liberty League,3,2024,16580
608,Saint Leo,/team/608/16580,919,Sunshine State,2,2024,16580
609,Saint Louis,/team/609/16580,820,Atlantic 10,1,2024,16580
610,Saint Mary's (CA),/team/610/16580,922,WCC,1,2024,16580
611,St. Mary's (MD),/team/611/16580,30071,United East,3,2024,16580
612,Saint Mary's (MN),/team/612/16580,882,MIAC,3,2024,16580
613,Saint Michael's,/team/613/16580,899,NE10,2,2024,16580
614,St. Norbert,/team/614/16580,30097,NACC,3,2024,16580
615,St. Olaf,/team/615/16580,882,MIAC,3,2024,16580
617,Saint Peter's,/team/617/16580,871,MAAC,1,2024,16580
618,St. Scholastica,/team/618/16580,882,MIAC,3,2024,16580
620,St. Thomas (MN),/team/620/16580,819,Summit League,1,2024,16580
621,Salem St.,/team/621/16580,870,MASCAC,3,2024,16580
622,Salisbury,/team/622/16580,15810,C2C,3,2024,16580
623,Salve Regina,/team/623/16580,839,CCC,3,2024,16580
624,Sam Houston,/team/624/16580,24312,CUSA,1,2024,16580
625,Samford,/team/625/16580,912,SoCon,1,2024,16580
626,San Diego St.,/team/626/16580,5486,Mountain West,1,2024,16580
627,San Diego,/team/627/16580,922,WCC,1,2024,16580
628,San Fran. St.,/team/628/16580,828,CCAA,2,2024,16580
629,San Francisco,/team/629/16580,922,WCC,1,2024,16580
630,San Jose St.,/team/630/16580,5486,Mountain West,1,2024,16580
631,Santa Clara,/team/631/16580,922,WCC,1,2024,16580
632,Savannah St.,/team/632/16580,913,SIAC,2,2024,16580
633,Scranton,/team/633/16580,30101,Landmark,3,2024,16580
635,Seton Hall,/team/635/16580,30184,Big East,1,2024,16580
637,Shenandoah,/team/637/16580,903,ODAC,3,2024,16580
638,Shippensburg,/team/638/16580,906,PSAC,2,2024,16580
639,Siena,/team/639/16580,871,MAAC,1,2024,16580
641,Simpson,/team/641/16580,864,American Rivers,3,2024,16580
642,Skidmore,/team/642/16580,24197,Liberty League,3,2024,16580
643,Slippery Rock,/team/643/16580,906,PSAC,2,2024,16580
645,Sonoma St.,/team/645/16580,828,CCAA,2,2024,16580
646,South Alabama,/team/646/16580,818,Sun Belt,1,2024,16580
648,South Carolina,/team/648/16580,911,SEC,1,2024,16580
649,South Dakota St.,/team/649/16580,819,Summit League,1,2024,16580
651,South Fla.,/team/651/16580,823,AAC,1,2024,16580
652,Sewanee,/team/652/16580,30169,SAA,3,2024,16580
654,Southeast Mo. St.,/team/654/16580,902,OVC,1,2024,16580
655,Southeastern La.,/team/655/16580,914,Southland,1,2024,16580
656,UMass Dartmouth,/team/656/16580,867,Little East,3,2024,16580
657,Southern California,/team/657/16580,905,Pac-12,1,2024,16580
658,Southern Conn. St.,/team/658/16580,899,NE10,2,2024,16580
659,Southern Ill.,/team/659/16580,884,MVC,1,2024,16580
660,SIUE,/team/660/16580,902,OVC,1,2024,16580
661,Southern Ind.,/team/661/16580,902,OVC,1,2024,16580
662,Southern Me.,/team/662/16580,867,Little East,3,2024,16580
664,Southern Miss.,/team/664/16580,818,Sun Belt,1,2024,16580
665,Southern U.,/team/665/16580,916,SWAC,1,2024,16580
669,Missouri St.,/team/669/16580,884,MVC,1,2024,16580
670,Texas St.,/team/670/16580,818,Sun Belt,1,2024,16580
671,Louisiana,/team/671/16580,818,Sun Belt,1,2024,16580
673,Springfield,/team/673/16580,890,NEWMAC,3,2024,16580
674,Stanford,/team/674/16580,905,Pac-12,1,2024,16580
675,Staten Island,/team/675/16580,11265,ECC,2,2024,16580
676,SFA,/team/676/16580,923,WAC,1,2024,16580
678,Stetson,/team/678/16580,920,ASUN,1,2024,16580
679,Stevens,/team/679/16580,28745,MAC Freedom,3,2024,16580
681,Stockton,/team/681/16580,891,NJAC,3,2024,16580
682,Stonehill,/team/682/16580,846,NEC,1,2024,16580
683,Stony Brook,/team/683/16580,837,CAA,1,2024,16580
684,Suffolk,/team/684/16580,839,CCC,3,2024,16580
685,Susquehanna,/team/685/16580,30101,Landmark,3,2024,16580
686,Swarthmore,/team/686/16580,9683,Centennial,3,2024,16580
689,Tampa,/team/689/16580,919,Sunshine State,2,2024,16580
692,Tennessee Tech,/team/692/16580,902,OVC,1,2024,16580
694,Tennessee,/team/694/16580,911,SEC,1,2024,16580
695,UT Martin,/team/695/16580,902,OVC,1,2024,16580
696,Tex. A&M-Kingsville,/team/696/16580,868,Lone Star,2,2024,16580
697,Texas A&M,/team/697/16580,911,SEC,1,2024,16580
698,TCU,/team/698/16580,25354,Big 12,1,2024,16580
699,Texas Southern,/team/699/16580,916,SWAC,1,2024,16580
700,Texas Tech,/team/700/16580,25354,Big 12,1,2024,16580
702,UT Arlington,/team/702/16580,923,WAC,1,2024,16580
703,Texas,/team/703/16580,25354,Big 12,1,2024,16580
706,UTSA,/team/706/16580,823,AAC,1,2024,16580
707,Thiel,/team/707/16580,907,PAC,3,2024,16580
709,Toledo,/team/709/16580,875,MAC,1,2024,16580
711,Towson,/team/711/16580,837,CAA,1,2024,16580
712,TCNJ,/team/712/16580,891,NJAC,3,2024,16580
713,Trinity (CT),/team/713/16580,12817,NESCAC,3,2024,16580
715,Trinity (TX),/team/715/16580,835,SCAC,3,2024,16580
716,Troy,/team/716/16580,818,Sun Belt,1,2024,16580
717,Tufts,/team/717/16580,12817,NESCAC,3,2024,16580
718,Tulane,/team/718/16580,823,AAC,1,2024,16580
720,Tuskegee,/team/720/16580,913,SIAC,2,2024,16580
721,Air Force,/team/721/16580,5486,Mountain West,1,2024,16580
722,Coast Guard,/team/722/16580,890,NEWMAC,3,2024,16580
724,Merchant Marine,/team/724/16580,13054,Skyline,3,2024,16580
725,Army West Point,/team/725/16580,838,Patriot,1,2024,16580
726,Navy,/team/726/16580,838,Patriot,1,2024,16580
727,Union (NY),/team/727/16580,24197,Liberty League,3,2024,16580
728,Upper Iowa,/team/728/16580,12853,NSIC,2,2024,16580
730,Ursinus,/team/730/16580,9683,Centennial,3,2024,16580
732,Utah,/team/732/16580,905,Pac-12,1,2024,16580
733,Utica,/team/733/16580,863,Empire 8,3,2024,16580
734,Valdosta St.,/team/734/16580,858,Gulf South,2,2024,16580
735,Valparaiso,/team/735/16580,884,MVC,1,2024,16580
736,Vanderbilt,/team/736/16580,911,SEC,1,2024,16580
737,Vassar,/team/737/16580,24197,Liberty League,3,2024,16580
739,Villanova,/team/739/16580,30184,Big East,1,2024,16580
740,VCU,/team/740/16580,820,Atlantic 10,1,2024,16580
741,VMI,/team/741/16580,912,SoCon,1,2024,16580
742,Virginia Tech,/team/742/16580,821,ACC,1,2024,16580
743,Virginia St.,/team/743/16580,99010,DII Independent,2,2024,16580
745,Va. Wesleyan,/team/745/16580,903,ODAC,3,2024,16580
746,Virginia,/team/746/16580,821,ACC,1,2024,16580
747,Wabash,/team/747/16580,897,NCAC,3,2024,16580
748,Wagner,/team/748/16580,846,NEC,1,2024,16580
749,Wake Forest,/team/749/16580,821,ACC,1,2024,16580
750,Wartburg,/team/750/16580,864,American Rivers,3,2024,16580
751,Wash. & Jeff.,/team/751/16580,907,PAC,3,2024,16580
752,Wash. & Lee,/team/752/16580,903,ODAC,3,2024,16580
753,Washington Col.,/team/753/16580,9683,Centennial,3,2024,16580
754,Washington St.,/team/754/16580,905,Pac-12,1,2024,16580
755,WashU,/team/755/16580,1471,UAA,3,2024,16580
756,Washington,/team/756/16580,905,Pac-12,1,2024,16580
757,Wayne St. (MI),/team/757/16580,854,GLIAC,2,2024,16580
759,Webster,/team/759/16580,12974,SLIAC,3,2024,16580
761,Wells,/team/761/16580,30071,United East,3,2024,16580
762,Wentworth,/team/762/16580,839,CCC,3,2024,16580
764,Wesleyan (CT),/team/764/16580,12817,NESCAC,3,2024,16580
765,West Chester,/team/765/16580,906,PSAC,2,2024,16580
766,West Ga.,/team/766/16580,858,Gulf South,2,2024,16580
767,West Tex. A&M,/team/767/16580,868,Lone Star,2,2024,16580
768,West Virginia,/team/768/16580,25354,Big 12,1,2024,16580
769,Western Caro.,/team/769/16580,912,SoCon,1,2024,16580
770,WestConn,/team/770/16580,867,Little East,3,2024,16580
771,Western Ill.,/team/771/16580,902,OVC,1,2024,16580
772,Western Ky.,/team/772/16580,24312,CUSA,1,2024,16580
773,McDaniel,/team/773/16580,9683,Centennial,3,2024,16580
774,Western Mich.,/team/774/16580,875,MAC,1,2024,16580
775,Western New Eng.,/team/775/16580,839,CCC,3,2024,16580
777,Westfield St.,/team/777/16580,870,MASCAC,3,2024,16580
778,Wheaton (IL),/team/778/16580,836,CCIW,3,2024,16580
779,Wheaton (MA),/team/779/16580,890,NEWMAC,3,2024,16580
780,Whitman,/team/780/16580,25300,NWC,3,2024,16580
781,Whittier,/team/781/16580,910,SCIAC,3,2024,16580
782,Wichita St.,/team/782/16580,823,AAC,1,2024,16580
783,Widener,/team/783/16580,28744,MAC Commonwealth,3,2024,16580
784,Wilkes,/team/784/16580,28745,MAC Freedom,3,2024,16580
785,Willamette,/team/785/16580,25300,NWC,3,2024,16580
786,William & Mary,/team/786/16580,837,CAA,1,2024,16580
787,Wm. Paterson,/team/787/16580,891,NJAC,3,2024,16580
789,Williams,/team/789/16580,12817,NESCAC,3,2024,16580
790,Winona St.,/team/790/16580,12853,NSIC,2,2024,16580
792,Winthrop,/team/792/16580,826,Big South,1,2024,16580
793,Wis.-Eau Claire,/team/793/16580,1473,WIAC,3,2024,16580
795,Wis.-La Crosse,/team/795/16580,1473,WIAC,3,2024,16580
797,Milwaukee,/team/797/16580,881,Horizon,1,2024,16580
798,Wis.-Oshkosh,/team/798/16580,1473,WIAC,3,2024,16580
799,Wis.-Parkside,/team/799/16580,854,GLIAC,2,2024,16580
800,Wis.-Platteville,/team/800/16580,1473,WIAC,3,2024,16580
802,Wis.-Stevens Point,/team/802/16580,1473,WIAC,3,2024,16580
803,Wis.-Stout,/team/803/16580,1473,WIAC,3,2024,16580
804,Wis.-Superior,/team/804/16580,30115,UMAC,3,2024,16580
805,Wis.-Whitewater,/team/805/16580,1473,WIAC,3,2024,16580
806,Wittenberg,/team/806/16580,897,NCAC,3,2024,16580
807,Wooster,/team/807/16580,897,NCAC,3,2024,16580
808,WPI,/team/808/16580,890,NEWMAC,3,2024,16580
809,Worcester St.,/team/809/16580,870,MASCAC,3,2024,16580
810,Wright St.,/team/810/16580,881,Horizon,1,2024,16580
812,Xavier,/team/812/16580,30184,Big East,1,2024,16580
813,Yale,/team/813/16580,865,Ivy League,1,2024,16580
814,Yeshiva,/team/814/16580,13054,Skyline,3,2024,16580
815,York (PA),/team/815/16580,28744,MAC Commonwealth,3,2024,16580
817,Youngstown St.,/team/817/16580,881,Horizon,1,2024,16580
929,Adams St.,/team/929/16580,13128,RMAC,2,2024,16580
938,Alvernia,/team/938/16580,28744,MAC Commonwealth,3,2024,16580
939,Anderson (IN),/team/939/16580,9174,HCAC,3,2024,16580
947,Arkansas Tech,/team/947/16580,30144,GAC,2,2024,16580
953,Austin,/team/953/16580,835,SCAC,3,2024,16580
958,Clarks Summit,/team/958/16580,21062,CSAC,3,2024,16580
962,Bard,/team/962/16580,24197,Liberty League,3,2024,16580
966,Arcadia,/team/966/16580,28745,MAC Freedom,3,2024,16580
973,Berry,/team/973/16580,30169,SAA,3,2024,16580
984,Bloomfield,/team/984/16580,28752,CACC,2,2024,16580
985,Bluefield St.,/team/985/16580,99010,DII Independent,2,2024,16580
987,Bluffton,/team/987/16580,9174,HCAC,3,2024,16580
995,Caldwell,/team/995/16580,28752,CACC,2,2024,16580
996,Cameron,/team/996/16580,868,Lone Star,2,2024,16580
1000,Carson-Newman,/team/1000/16580,12850,SAC,2,2024,16580
1001,Catawba,/team/1001/16580,12850,SAC,2,2024,16580
1004,Central Ark.,/team/1004/16580,920,ASUN,1,2024,16580
1009,Central Okla.,/team/1009/16580,883,Mid-America Intercollegiate,2,2024,16580
1010,Central Wash.,/team/1010/16580,30012,Great Northwest,2,2024,16580
1013,Charleston (WV),/team/1013/16580,30183,MEC,2,2024,16580
1014,Col. of Charleston,/team/1014/16580,837,CAA,1,2024,16580
1015,Christian Brothers,/team/1015/16580,858,Gulf South,2,2024,16580
1023,Coker,/team/1023/16580,12850,SAC,2,2024,16580
1028,Concord,/team/1028/16580,30183,MEC,2,2024,16580
1036,Concordia Wisconsin,/team/1036/16580,30097,NACC,3,2024,16580
1044,Dallas,/team/1044/16580,835,SCAC,3,2024,16580
1045,DBU,/team/1045/16580,24312,CUSA,1,2024,16580
1050,Defiance,/team/1050/16580,9174,HCAC,3,2024,16580
1057,Drury,/team/1057/16580,855,GLVC,2,2024,16580
1059,D'Youville,/team/1059/16580,11265,ECC,2,2024,16580
1062,East Tex. Baptist,/team/1062/16580,14825,ASC,3,2024,16580
1064,Eastern Nazarene,/team/1064/16580,888,NECC,3,2024,16580
1066,Edgewood,/team/1066/16580,30097,NACC,3,2024,16580
1068,Elon,/team/1068/16580,837,CAA,1,2024,16580
1071,Emporia St.,/team/1071/16580,883,Mid-America Intercollegiate,2,2024,16580
1072,Erskine,/team/1072/16580,4423,Conference Carolinas,2,2024,16580
1076,Fairmont St.,/team/1076/16580,30183,MEC,2,2024,16580
1079,Findlay,/team/1079/16580,30182,G-MAC,2,2024,16580
1085,Francis Marion,/team/1085/16580,4423,Conference Carolinas,2,2024,16580
1092,Gardner-Webb,/team/1092/16580,826,Big South,1,2024,16580
1094,George Fox,/team/1094/16580,25300,NWC,3,2024,16580
1096,Georgia College,/team/1096/16580,12923,Peach Belt,2,2024,16580
1097,Ga. Southwestern,/team/1097/16580,12923,Peach Belt,2,2024,16580
1098,Glenville St.,/team/1098/16580,30183,MEC,2,2024,16580
1099,Gordon,/team/1099/16580,839,CCC,3,2024,16580
1104,Grand Canyon,/team/1104/16580,923,WAC,1,2024,16580
1111,Greenville,/team/1111/16580,12974,SLIAC,3,2024,16580
1112,Guilford,/team/1112/16580,903,ODAC,3,2024,16580
1115,Hanover,/team/1115/16580,9174,HCAC,3,2024,16580
1116,Harding,/team/1116/16580,30144,GAC,2,2024,16580
1123,Henderson St.,/team/1123/16580,30144,GAC,2,2024,16580
1124,Hendrix,/team/1124/16580,30169,SAA,3,2024,16580
1130,Huntingdon,/team/1130/16580,30251,CCS,3,2024,16580
1133,Husson,/team/1133/16580,30026,North Atlantic,3,2024,16580
1157,Kennesaw St.,/team/1157/16580,920,ASUN,1,2024,16580
1159,Keuka,/team/1159/16580,863,Empire 8,3,2024,16580
1162,LaGrange,/team/1162/16580,30251,CCS,3,2024,16580
1163,La Roche,/team/1163/16580,30022,AMCC,3,2024,16580
1164,Lakeland,/team/1164/16580,30097,NACC,3,2024,16580
1167,Lander,/team/1167/16580,12923,Peach Belt,2,2024,16580
1170,Lenoir-Rhyne,/team/1170/16580,12850,SAC,2,2024,16580
1174,Limestone,/team/1174/16580,12850,SAC,2,2024,16580
1176,Lincoln Memorial,/team/1176/16580,12850,SAC,2,2024,16580
1179,Linfield,/team/1179/16580,25300,NWC,3,2024,16580
1192,Manchester,/team/1192/16580,9174,HCAC,3,2024,16580
1194,Maranatha Baptist,/team/1194/16580,99020,DIII Independent,3,2024,16580
1196,Marian (WI),/team/1196/16580,30097,NACC,3,2024,16580
1199,Mars Hill,/team/1199/16580,12850,SAC,2,2024,16580
1203,Mary Hardin-Baylor,/team/1203/16580,14825,ASC,3,2024,16580
1226,Minn.-Morris,/team/1226/16580,30115,UMAC,3,2024,16580
1238,Montevallo,/team/1238/16580,858,Gulf South,2,2024,16580
1245,Mount Olive,/team/1245/16580,4423,Conference Carolinas,2,2024,16580
1254,Neumann,/team/1254/16580,30233,Atlantic East,3,2024,16580
1257,Newberry,/team/1257/16580,12850,SAC,2,2024,16580
1266,Northern St.,/team/1266/16580,12853,NSIC,2,2024,16580
1267,Northland,/team/1267/16580,30115,UMAC,3,2024,16580
1274,Northwest Nazarene,/team/1274/16580,30012,Great Northwest,2,2024,16580
1289,Ouachita Baptist,/team/1289/16580,30144,GAC,2,2024,16580
1297,Pacific Lutheran,/team/1297/16580,25300,NWC,3,2024,16580
1305,Cairn,/team/1305/16580,21062,CSAC,3,2024,16580
1314,Pittsburg St.,/team/1314/16580,883,Mid-America Intercollegiate,2,2024,16580
1315,Pitt.-Bradford,/team/1315/16580,30022,AMCC,3,2024,16580
1318,Post,/team/1318/16580,28752,CACC,2,2024,16580
1320,Presbyterian,/team/1320/16580,826,Big South,1,2024,16580
1328,Rockhurst,/team/1328/16580,855,GLVC,2,2024,16580
1332,Dominican (IL),/team/1332/16580,30097,NACC,3,2024,16580
1334,St. Edward's,/team/1334/16580,868,Lone Star,2,2024,16580
1340,St. Joseph's (L.I.),/team/1340/16580,13054,Skyline,3,2024,16580
1343,Saint Martin's,/team/1343/16580,30012,Great Northwest,2,2024,16580
1346,St. Mary's (TX),/team/1346/16580,868,Lone Star,2,2024,16580
1347,Saint Rose,/team/1347/16580,899,NE10,2,2024,16580
1348,St. Thomas Aquinas,/team/1348/16580,11265,ECC,2,2024,16580
1355,Schreiner,/team/1355/16580,835,SCAC,3,2024,16580
1356,Seattle U,/team/1356/16580,923,WAC,1,2024,16580
1371,Southeastern Okla.,/team/1371/16580,30144,GAC,2,2024,16580
1376,Southern Ark.,/team/1376/16580,30144,GAC,2,2024,16580
1390,Sul Ross St.,/team/1390/16580,868,Lone Star,2,2024,16580
1395,Tarleton St.,/team/1395/16580,923,WAC,1,2024,16580
1400,Texas Lutheran,/team/1400/16580,835,SCAC,3,2024,16580
1402,Thomas More,/team/1402/16580,30182,G-MAC,2,2024,16580
1403,Tiffin,/team/1403/16580,30182,G-MAC,2,2024,16580
1433,Wayne St. (NE),/team/1433/16580,12853,NSIC,2,2024,16580
1434,Waynesburg,/team/1434/16580,907,PAC,3,2024,16580
1438,West Liberty,/team/1438/16580,30183,MEC,2,2024,16580
1439,West Virginia St.,/team/1439/16580,30183,MEC,2,2024,16580
1446,Western Ore.,/team/1446/16580,30012,Great Northwest,2,2024,16580
1450,Westminster (MO),/team/1450/16580,12974,SLIAC,3,2024,16580
1451,Westminster (PA),/team/1451/16580,907,PAC,3,2024,16580
1454,Whitworth,/team/1454/16580,25300,NWC,3,2024,16580
1460,Wilmington (DE),/team/1460/16580,28752,CACC,2,2024,16580
1461,Wilmington (OH),/team/1461/16580,901,OAC,3,2024,16580
1462,Wingate,/team/1462/16580,12850,SAC,2,2024,16580
1468,Mt. St. Mary (NY),/team/1468/16580,13054,Skyline,3,2024,16580
2678,Ark.-Pine Bluff,/team/2678/16580,916,SWAC,1,2024,16580
2683,Belmont Abbey,/team/2683/16580,4423,Conference Carolinas,2,2024,16580
2694,Franklin,/team/2694/16580,9174,HCAC,3,2024,16580
2696,Hawaii Pacific,/team/2696/16580,19591,PacWest,2,2024,16580
2697,Hawaii Hilo,/team/2697/16580,19591,PacWest,2,2024,16580
2711,North Florida,/team/2711/16580,920,ASUN,1,2024,16580
2713,Oglethorpe,/team/2713/16580,30169,SAA,3,2024,16580
2720,CSU Pueblo,/team/2720/16580,13128,RMAC,2,2024,16580
2741,Howard Payne,/team/2741/16580,14825,ASC,3,2024,16580
2743,UIW,/team/2743/16580,914,Southland,1,2024,16580
2746,Lake Erie,/team/2746/16580,30182,G-MAC,2,2024,16580
2751,Pacific (OR),/team/2751/16580,25300,NWC,3,2024,16580
2755,Southwest Baptist,/team/2755/16580,855,GLVC,2,2024,16580
2758,Thomas (ME),/team/2758/16580,30026,North Atlantic,3,2024,16580
2798,Albertus Magnus,/team/2798/16580,23257,Great Northeast,3,2024,16580
2807,Roosevelt ,/team/2807/16580,99010,DII Independent,2,2024,16580
2810,St. Thomas (TX),/team/2810/16580,835,SCAC,3,2024,16580
2814,Washburn,/team/2814/16580,883,Mid-America Intercollegiate,2,2024,16580
2915,Wofford,/team/2915/16580,912,SoCon,1,2024,16580
8366,Goldey-Beacom,/team/8366/16580,28752,CACC,2,2024,16580
8398,Hilbert,/team/8398/16580,30022,AMCC,3,2024,16580
8404,Hood,/team/8404/16580,28744,MAC Commonwealth,3,2024,16580
8411,Ark.-Monticello,/team/8411/16580,30144,GAC,2,2024,16580
8486,Lasell,/team/8486/16580,23257,Great Northeast,3,2024,16580
8490,LeTourneau,/team/8490/16580,14825,ASC,3,2024,16580
8530,McMurry,/team/8530/16580,14825,ASC,3,2024,16580
8567,Mt. St. Joseph,/team/8567/16580,9174,HCAC,3,2024,16580
8577,N.M. Highlands,/team/8577/16580,13128,RMAC,2,2024,16580
8597,Martin Luther,/team/8597/16580,30115,UMAC,3,2024,16580
8736,Southwest Minn. St.,/team/8736/16580,12853,NSIC,2,2024,16580
8744,Southwestern Okla.,/team/8744/16580,30144,GAC,2,2024,16580
8746,Southwestern (TX),/team/8746/16580,835,SCAC,3,2024,16580
8875,Chowan,/team/8875/16580,4423,Conference Carolinas,2,2024,16580
8911,Wis. Lutheran,/team/8911/16580,30097,NACC,3,2024,16580
8956,Dominican (NY),/team/8956/16580,28752,CACC,2,2024,16580
8965,East Central,/team/8965/16580,30144,GAC,2,2024,16580
8968,Eastern,/team/8968/16580,28744,MAC Commonwealth,3,2024,16580
8981,Endicott,/team/8981/16580,839,CCC,3,2024,16580
9011,Fort Hays St.,/team/9011/16580,883,Mid-America Intercollegiate,2,2024,16580
9012,Mo. Southern St.,/team/9012/16580,883,Mid-America Intercollegiate,2,2024,16580
9013,Missouri Western,/team/9013/16580,883,Mid-America Intercollegiate,2,2024,16580
9081,Concordia-St. Paul,/team/9081/16580,12853,NSIC,2,2024,16580
9223,North Greenville,/team/9223/16580,4423,Conference Carolinas,2,2024,16580
9500,SUNY Poly,/team/9500/16580,30026,North Atlantic,3,2024,16580
9630,West Va. Wesleyan,/team/9630/16580,30183,MEC,2,2024,16580
9680,Embry-Riddle (FL),/team/9680/16580,919,Sunshine State,2,2024,16580
9684,Saint Elizabeth,/team/9684/16580,21062,CSAC,3,2024,16580
9754,UC-Colo. Springs,/team/9754/16580,13128,RMAC,2,2024,16580
10411,USC Upstate,/team/10411/16580,826,Big South,1,2024,16580
10870,Shepherd,/team/10870/16580,906,PSAC,2,2024,16580
10972,Chatham,/team/10972/16580,907,PAC,3,2024,16580
11036,Russell Sage,/team/11036/16580,863,Empire 8,3,2024,16580
11276,USC Aiken,/team/11276/16580,12923,Peach Belt,2,2024,16580
11403,Colo. Christian,/team/11403/16580,13128,RMAC,2,2024,16580
11416,Colorado Mesa,/team/11416/16580,13128,RMAC,2,2024,16580
11504,Queens (NC),/team/11504/16580,920,ASUN,1,2024,16580
11538,Fontbonne,/team/11538/16580,12974,SLIAC,3,2024,16580
11740,West Florida,/team/11740/16580,858,Gulf South,2,2024,16580
11839,Pitt.-Greensburg,/team/11839/16580,30022,AMCC,3,2024,16580
12399,Gwynedd Mercy,/team/12399/16580,30233,Atlantic East,3,2024,16580
12799,Wheeling,/team/12799/16580,30183,MEC,2,2024,16580
12810,Northeastern St.,/team/12810/16580,883,Mid-America Intercollegiate,2,2024,16580
12830,Tusculum,/team/12830/16580,12850,SAC,2,2024,16580
12884,Centenary (NJ),/team/12884/16580,30233,Atlantic East,3,2024,16580
12973,Wilson,/team/12973/16580,21062,CSAC,3,2024,16580
13028,Anderson (SC),/team/13028/16580,12850,SAC,2,2024,16580
14927,Belmont,/team/14927/16580,884,MVC,1,2024,16580
15646,Barton,/team/15646/16580,4423,Conference Carolinas,2,2024,16580
15882,Rosemont,/team/15882/16580,21062,CSAC,3,2024,16580
16142,Misericordia,/team/16142/16580,28745,MAC Freedom,3,2024,16580
17094,William Peace,/team/17094/16580,842,USA South,3,2024,16580
18422,Rivier,/team/18422/16580,23257,Great Northeast,3,2024,16580
19117,Salem (WV),/team/19117/16580,99010,DII Independent,2,2024,16580
19651,High Point,/team/19651/16580,826,Big South,1,2024,16580
20220,MSOE,/team/20220/16580,30097,NACC,3,2024,16580
20794,Lynn,/team/20794/16580,919,Sunshine State,2,2024,16580
21323,Chestnut Hill,/team/21323/16580,28752,CACC,2,2024,16580
21830,Piedmont,/team/21830/16580,30251,CCS,3,2024,16580
21852,Stevenson,/team/21852/16580,28744,MAC Commonwealth,3,2024,16580
22235,Lewis & Clark,/team/22235/16580,25300,NWC,3,2024,16580
22626,JWU (Providence),/team/22626/16580,23257,Great Northeast,3,2024,16580
23008,Ozarks (AR),/team/23008/16580,14825,ASC,3,2024,16580
23121,Texas-Dallas,/team/23121/16580,14825,ASC,3,2024,16580
23157,Felician,/team/23157/16580,28752,CACC,2,2024,16580
23260,Spalding,/team/23260/16580,12974,SLIAC,3,2024,16580
23624,Cazenovia,/team/23624/16580,30026,North Atlantic,3,2024,16580
24317,Lesley,/team/24317/16580,30026,North Atlantic,3,2024,16580
24400,Concordia (TX),/team/24400/16580,14825,ASC,3,2024,16580
24639,Nova Southeastern,/team/24639/16580,919,Sunshine State,2,2024,16580
25719,Penn St.-Altoona,/team/25719/16580,30022,AMCC,3,2024,16580
26172,A&M-Corpus Christi,/team/26172/16580,914,Southland,1,2024,16580
27854,Minn.-Crookston,/team/27854/16580,12853,NSIC,2,2024,16580
27892,Farmingdale St.,/team/27892/16580,13054,Skyline,3,2024,16580
28593,Birmingham-So.,/team/28593/16580,30169,SAA,3,2024,16580
28600,Lipscomb,/team/28600/16580,920,ASUN,1,2024,16580
28749,Transylvania,/team/28749/16580,9174,HCAC,3,2024,16580
28755,FGCU,/team/28755/16580,920,ASUN,1,2024,16580
30002,Trevecca Nazarene,/team/30002/16580,30182,G-MAC,2,2024,16580
30013,Lee,/team/30013/16580,858,Gulf South,2,2024,16580
30024,Utah Valley,/team/30024/16580,923,WAC,1,2024,16580
30028,UT Tyler,/team/30028/16580,868,Lone Star,2,2024,16580
30029,Purchase,/team/30029/16580,13054,Skyline,3,2024,16580
30031,Northwestern-St. Paul,/team/30031/16580,30115,UMAC,3,2024,16580
30032,Finlandia,/team/30032/16580,1473,WIAC,3,2024,16580
30035,Crown (MN),/team/30035/16580,30115,UMAC,3,2024,16580
30036,Mount Aloysius,/team/30036/16580,30022,AMCC,3,2024,16580
30037,Trine,/team/30037/16580,873,Michigan Intercol. Ath. Assn.,3,2024,16580
30038,Bethany Lutheran,/team/30038/16580,30115,UMAC,3,2024,16580
30039,North Central (MN),/team/30039/16580,30115,UMAC,3,2024,16580
30040,Me.-Presque Isle,/team/30040/16580,30026,North Atlantic,3,2024,16580
30042,Mitchell,/team/30042/16580,888,NECC,3,2024,16580
30044,Penn St.-Berks,/team/30044/16580,30071,United East,3,2024,16580
30045,Palm Beach Atl.,/team/30045/16580,919,Sunshine State,2,2024,16580
30047,Keystone,/team/30047/16580,21062,CSAC,3,2024,16580
30050,Ill. Springfield,/team/30050/16580,855,GLVC,2,2024,16580
30051,King (TN),/team/30051/16580,4423,Conference Carolinas,2,2024,16580
30052,North Georgia,/team/30052/16580,12923,Peach Belt,2,2024,16580
30054,Newman,/team/30054/16580,883,Mid-America Intercollegiate,2,2024,16580
30055,Cal St. Monterey Bay,/team/30055/16580,828,CCAA,2,2024,16580
30058,Claflin,/team/30058/16580,12923,Peach Belt,2,2024,16580
30063,Seton Hill,/team/30063/16580,906,PSAC,2,2024,16580
30064,Saint Vincent,/team/30064/16580,907,PAC,3,2024,16580
30065,VTSU Lyndon,/team/30065/16580,30026,North Atlantic,3,2024,16580
30069,Franciscan,/team/30069/16580,907,PAC,3,2024,16580
30072,St. Joseph's (Brkln),/team/30072/16580,13054,Skyline,3,2024,16580
30075,Mary,/team/30075/16580,12853,NSIC,2,2024,16580
30081,Penn St. Harrisburg,/team/30081/16580,30071,United East,3,2024,16580
30083,Cobleskill St.,/team/30083/16580,30026,North Atlantic,3,2024,16580
30084,Geneva,/team/30084/16580,907,PAC,3,2024,16580
30085,Lancaster Bible,/team/30085/16580,30071,United East,3,2024,16580
30088,Tex. Permian Basin,/team/30088/16580,868,Lone Star,2,2024,16580
30090,Tex. A&M Int'l,/team/30090/16580,868,Lone Star,2,2024,16580
30092,Flagler,/team/30092/16580,12923,Peach Belt,2,2024,16580
30093,AUM,/team/30093/16580,858,Gulf South,2,2024,16580
30094,Brevard,/team/30094/16580,842,USA South,3,2024,16580
30095,Utah Tech,/team/30095/16580,923,WAC,1,2024,16580
30105,Ark.-Fort Smith,/team/30105/16580,868,Lone Star,2,2024,16580
30111,Covenant,/team/30111/16580,30251,CCS,3,2024,16580
30114,Penn St.-Abington,/team/30114/16580,30071,United East,3,2024,16580
30119,Ohio Dominican,/team/30119/16580,30182,G-MAC,2,2024,16580
30120,William Jewell,/team/30120/16580,855,GLVC,2,2024,16580
30124,Cedarville,/team/30124/16580,30182,G-MAC,2,2024,16580
30125,Minot St.,/team/30125/16580,12853,NSIC,2,2024,16580
30126,Notre Dame (OH),/team/30126/16580,30183,MEC,2,2024,16580
30128,Sioux Falls,/team/30128/16580,12853,NSIC,2,2024,16580
30135,California Baptist,/team/30135/16580,923,WAC,1,2024,16580
30136,Lindenwood,/team/30136/16580,902,OVC,1,2024,16580
30137,Malone,/team/30137/16580,30182,G-MAC,2,2024,16580
30138,McKendree,/team/30138/16580,855,GLVC,2,2024,16580
30141,Walsh,/team/30141/16580,30182,G-MAC,2,2024,16580
30146,Azusa Pacific,/team/30146/16580,19591,PacWest,2,2024,16580
30147,Fresno Pacific,/team/30147/16580,19591,PacWest,2,2024,16580
30149,Point Loma,/team/30149/16580,19591,PacWest,2,2024,16580
30151,Shorter,/team/30151/16580,858,Gulf South,2,2024,16580
30152,Southern Nazarene,/team/30152/16580,30144,GAC,2,2024,16580
30153,Union (TN),/team/30153/16580,858,Gulf South,2,2024,16580
30154,Young Harris,/team/30154/16580,4423,Conference Carolinas,2,2024,16580
30160,Houghton,/team/30160/16580,863,Empire 8,3,2024,16580
30164,Southern Va.,/team/30164/16580,842,USA South,3,2024,16580
30165,SUNY Canton,/team/30165/16580,30026,North Atlantic,3,2024,16580
30166,Valley Forge,/team/30166/16580,21062,CSAC,3,2024,16580
30170,Alfred St.,/team/30170/16580,30022,AMCC,3,2024,16580
30171,Berea,/team/30171/16580,30251,CCS,3,2024,16580
30172,IIT,/team/30172/16580,30097,NACC,3,2024,16580
30177,Lubbock Christian,/team/30177/16580,868,Lone Star,2,2024,16580
30178,Northwestern Okla.,/team/30178/16580,30144,GAC,2,2024,16580
30179,Okla. Christian,/team/30179/16580,868,Lone Star,2,2024,16580
30180,Rogers St.,/team/30180/16580,883,Mid-America Intercollegiate,2,2024,16580
30181,UVA Wise,/team/30181/16580,12850,SAC,2,2024,16580
30190,Penn College,/team/30190/16580,30071,United East,3,2024,16580
30191,Spring Hill,/team/30191/16580,913,SIAC,2,2024,16580
30192,Southern Wesleyan,/team/30192/16580,4423,Conference Carolinas,2,2024,16580
30193,Emmanuel (GA),/team/30193/16580,4423,Conference Carolinas,2,2024,16580
30197,Belhaven,/team/30197/16580,30251,CCS,3,2024,16580
30198,Cal St. San Marcos,/team/30198/16580,828,CCAA,2,2024,16580
30199,CUI,/team/30199/16580,19591,PacWest,2,2024,16580
30202,Okla. Baptist,/team/30202/16580,30144,GAC,2,2024,16580
30219,Dean,/team/30219/16580,23257,Great Northeast,3,2024,16580
30220,Biola,/team/30220/16580,19591,PacWest,2,2024,16580
30221,Davenport,/team/30221/16580,854,GLIAC,2,2024,16580
30222,Purdue Northwest,/team/30222/16580,854,GLIAC,2,2024,16580
30232,Bob Jones,/team/30232/16580,99020,DIII Independent,3,2024,16580
30243,Asbury,/team/30243/16580,99020,DIII Independent,3,2024,16580
30244,Edward Waters,/team/30244/16580,913,SIAC,2,2024,16580
30259,USC Beaufort,/team/30259/16580,12923,Peach Belt,2,2024,16580
30260,Westmont,/team/30260/16580,19591,PacWest,2,2024,16580
30262,Jessup ,/team/30262/16580,99010,DII Independent,2,2024,16580
30263,Vanguard ,/team/30263/16580,99010,DII Independent,2,2024,16580
